{
  "discussion-forum-user-upvotes" : {
    "transaction" : "discussion-forum-user-upvotes",
    "sampleCount" : 100000,
    "errorCount" : 6006,
    "errorPct" : 6.006,
    "meanResTime" : 53.006450000000385,
    "medianResTime" : 36.0,
    "minResTime" : 0.0,
    "maxResTime" : 758.0,
    "pct1ResTime" : 61.0,
    "pct2ResTime" : 73.0,
    "pct3ResTime" : 194.9900000000016,
    "throughput" : 1264.334391159774,
    "receivedKBytesPerSec" : 10704.558439115977,
    "sentKBytesPerSec" : 2095.397289425107
  },
  "Total" : {
    "transaction" : "Total",
    "sampleCount" : 100000,
    "errorCount" : 6006,
    "errorPct" : 6.006,
    "meanResTime" : 53.006450000000385,
    "medianResTime" : 36.0,
    "minResTime" : 0.0,
    "maxResTime" : 758.0,
    "pct1ResTime" : 61.0,
    "pct2ResTime" : 73.0,
    "pct3ResTime" : 194.9900000000016,
    "throughput" : 1264.334391159774,
    "receivedKBytesPerSec" : 10704.558439115977,
    "sentKBytesPerSec" : 2095.397289425107
  }
}