{
  "discussion-v2-topics" : {
    "transaction" : "discussion-v2-topics",
    "sampleCount" : 100000,
    "errorCount" : 2,
    "errorPct" : 0.002,
    "meanResTime" : 167.41166999999984,
    "medianResTime" : 133.0,
    "minResTime" : 3.0,
    "maxResTime" : 866.0,
    "pct1ResTime" : 191.0,
    "pct2ResTime" : 201.0,
    "pct3ResTime" : 225.0,
    "throughput" : 498.5169121862459,
    "receivedKBytesPerSec" : 3384.467016290598,
    "sentKBytesPerSec" : 875.3186516208032
  },
  "Total" : {
    "transaction" : "Total",
    "sampleCount" : 100000,
    "errorCount" : 2,
    "errorPct" : 0.002,
    "meanResTime" : 167.41166999999984,
    "medianResTime" : 133.0,
    "minResTime" : 3.0,
    "maxResTime" : 866.0,
    "pct1ResTime" : 191.0,
    "pct2ResTime" : 201.0,
    "pct3ResTime" : 225.0,
    "throughput" : 498.5169121862459,
    "receivedKBytesPerSec" : 3384.467016290598,
    "sentKBytesPerSec" : 875.3186516208032
  }
}