{
  "discussion-v2-topics" : {
    "transaction" : "discussion-v2-topics",
    "sampleCount" : 100000,
    "errorCount" : 980,
    "errorPct" : 0.98,
    "meanResTime" : 182.41984000000087,
    "medianResTime" : 136.0,
    "minResTime" : 0.0,
    "maxResTime" : 1589.0,
    "pct1ResTime" : 259.0,
    "pct2ResTime" : 319.0,
    "pct3ResTime" : 571.950000000008,
    "throughput" : 480.3789228943791,
    "receivedKBytesPerSec" : 3230.7691838572264,
    "sentKBytesPerSec" : 844.8953425086708
  },
  "Total" : {
    "transaction" : "Total",
    "sampleCount" : 100000,
    "errorCount" : 980,
    "errorPct" : 0.98,
    "meanResTime" : 182.41984000000087,
    "medianResTime" : 136.0,
    "minResTime" : 0.0,
    "maxResTime" : 1589.0,
    "pct1ResTime" : 259.0,
    "pct2ResTime" : 319.0,
    "pct3ResTime" : 571.950000000008,
    "throughput" : 480.3789228943791,
    "receivedKBytesPerSec" : 3230.7691838572264,
    "sentKBytesPerSec" : 844.8953425086708
  }
}