{
  "discussion-v2-topics" : {
    "transaction" : "discussion-v2-topics",
    "sampleCount" : 100000,
    "errorCount" : 221,
    "errorPct" : 0.221,
    "meanResTime" : 122.82538999999962,
    "medianResTime" : 107.5,
    "minResTime" : 0.0,
    "maxResTime" : 1057.0,
    "pct1ResTime" : 158.0,
    "pct2ResTime" : 170.0,
    "pct3ResTime" : 202.0,
    "throughput" : 662.5456328304612,
    "receivedKBytesPerSec" : 2522.7528846098103,
    "sentKBytesPerSec" : 1165.2920074118151
  },
  "Total" : {
    "transaction" : "Total",
    "sampleCount" : 100000,
    "errorCount" : 221,
    "errorPct" : 0.221,
    "meanResTime" : 122.82538999999962,
    "medianResTime" : 107.5,
    "minResTime" : 0.0,
    "maxResTime" : 1057.0,
    "pct1ResTime" : 158.0,
    "pct2ResTime" : 170.0,
    "pct3ResTime" : 202.0,
    "throughput" : 662.5456328304612,
    "receivedKBytesPerSec" : 2522.7528846098103,
    "sentKBytesPerSec" : 1165.2920074118151
  }
}