{
  "discussion-v2-topics" : {
    "transaction" : "discussion-v2-topics",
    "sampleCount" : 100000,
    "errorCount" : 213,
    "errorPct" : 0.213,
    "meanResTime" : 110.32254999999937,
    "medianResTime" : 90.0,
    "minResTime" : 0.0,
    "maxResTime" : 666.0,
    "pct1ResTime" : 134.0,
    "pct2ResTime" : 149.0,
    "pct3ResTime" : 185.0,
    "throughput" : 726.680812719821,
    "receivedKBytesPerSec" : 2756.9369347785805,
    "sentKBytesPerSec" : 1278.0936150531022
  },
  "Total" : {
    "transaction" : "Total",
    "sampleCount" : 100000,
    "errorCount" : 213,
    "errorPct" : 0.213,
    "meanResTime" : 110.32254999999937,
    "medianResTime" : 90.0,
    "minResTime" : 0.0,
    "maxResTime" : 666.0,
    "pct1ResTime" : 134.0,
    "pct2ResTime" : 149.0,
    "pct3ResTime" : 185.0,
    "throughput" : 726.680812719821,
    "receivedKBytesPerSec" : 2756.9369347785805,
    "sentKBytesPerSec" : 1278.0936150531022
  }
}