{
  "discussion-forum-user-upvotes" : {
    "transaction" : "discussion-forum-user-upvotes",
    "sampleCount" : 100000,
    "errorCount" : 4483,
    "errorPct" : 4.483,
    "meanResTime" : 56.08987000000093,
    "medianResTime" : 27.0,
    "minResTime" : 0.0,
    "maxResTime" : 652.0,
    "pct1ResTime" : 74.0,
    "pct2ResTime" : 102.0,
    "pct3ResTime" : 310.9900000000016,
    "throughput" : 1256.2656248037085,
    "receivedKBytesPerSec" : 9042.008074843596,
    "sentKBytesPerSec" : 2086.994566553027
  },
  "Total" : {
    "transaction" : "Total",
    "sampleCount" : 100000,
    "errorCount" : 4483,
    "errorPct" : 4.483,
    "meanResTime" : 56.08987000000093,
    "medianResTime" : 27.0,
    "minResTime" : 0.0,
    "maxResTime" : 652.0,
    "pct1ResTime" : 74.0,
    "pct2ResTime" : 102.0,
    "pct3ResTime" : 310.9900000000016,
    "throughput" : 1256.2656248037085,
    "receivedKBytesPerSec" : 9042.008074843596,
    "sentKBytesPerSec" : 2086.994566553027
  }
}