{
  "discussion-forum-user-upvotes" : {
    "transaction" : "discussion-forum-user-upvotes",
    "sampleCount" : 100000,
    "errorCount" : 0,
    "errorPct" : 0.0,
    "meanResTime" : 43.974340000000055,
    "medianResTime" : 31.0,
    "minResTime" : 7.0,
    "maxResTime" : 533.0,
    "pct1ResTime" : 53.0,
    "pct2ResTime" : 60.0,
    "pct3ResTime" : 162.9900000000016,
    "throughput" : 1439.7811532647038,
    "receivedKBytesPerSec" : 10661.705716043662,
    "sentKBytesPerSec" : 2384.8329600775683
  },
  "Total" : {
    "transaction" : "Total",
    "sampleCount" : 100000,
    "errorCount" : 0,
    "errorPct" : 0.0,
    "meanResTime" : 43.974340000000055,
    "medianResTime" : 31.0,
    "minResTime" : 7.0,
    "maxResTime" : 533.0,
    "pct1ResTime" : 53.0,
    "pct2ResTime" : 60.0,
    "pct3ResTime" : 162.9900000000016,
    "throughput" : 1439.7811532647038,
    "receivedKBytesPerSec" : 10661.705716043662,
    "sentKBytesPerSec" : 2384.8329600775683
  }
}