{
  "discussion-v2-topics" : {
    "transaction" : "discussion-v2-topics",
    "sampleCount" : 100000,
    "errorCount" : 20016,
    "errorPct" : 20.016,
    "meanResTime" : 109.22760999999842,
    "medianResTime" : 77.0,
    "minResTime" : 0.0,
    "maxResTime" : 1393.0,
    "pct1ResTime" : 160.0,
    "pct2ResTime" : 173.0,
    "pct3ResTime" : 230.0,
    "throughput" : 758.823216955146,
    "receivedKBytesPerSec" : 2358.3425335708134,
    "sentKBytesPerSec" : 1334.626003010157
  },
  "Total" : {
    "transaction" : "Total",
    "sampleCount" : 100000,
    "errorCount" : 20016,
    "errorPct" : 20.016,
    "meanResTime" : 109.22760999999842,
    "medianResTime" : 77.0,
    "minResTime" : 0.0,
    "maxResTime" : 1393.0,
    "pct1ResTime" : 160.0,
    "pct2ResTime" : 173.0,
    "pct3ResTime" : 230.0,
    "throughput" : 758.823216955146,
    "receivedKBytesPerSec" : 2358.3425335708134,
    "sentKBytesPerSec" : 1334.626003010157
  }
}