{
  "discussion-v2-topics" : {
    "transaction" : "discussion-v2-topics",
    "sampleCount" : 8,
    "errorCount" : 0,
    "errorPct" : 0.0,
    "meanResTime" : 278.75,
    "medianResTime" : 272.0,
    "minResTime" : 74.0,
    "maxResTime" : 502.0,
    "pct1ResTime" : 502.0,
    "pct2ResTime" : 502.0,
    "pct3ResTime" : 502.0,
    "throughput" : 0.5287158813032846,
    "receivedKBytesPerSec" : 3.5661214972572863,
    "sentKBytesPerSec" : 0.9218321450994647
  },
  "Total" : {
    "transaction" : "Total",
    "sampleCount" : 8,
    "errorCount" : 0,
    "errorPct" : 0.0,
    "meanResTime" : 278.75,
    "medianResTime" : 272.0,
    "minResTime" : 74.0,
    "maxResTime" : 502.0,
    "pct1ResTime" : 502.0,
    "pct2ResTime" : 502.0,
    "pct3ResTime" : 502.0,
    "throughput" : 0.5287158813032846,
    "receivedKBytesPerSec" : 3.5661214972572863,
    "sentKBytesPerSec" : 0.9218321450994647
  }
}