{
  "discussion-forum-user-upvotes" : {
    "transaction" : "discussion-forum-user-upvotes",
    "sampleCount" : 100000,
    "errorCount" : 215,
    "errorPct" : 0.215,
    "meanResTime" : 57.15330999999984,
    "medianResTime" : 33.0,
    "minResTime" : 1.0,
    "maxResTime" : 713.0,
    "pct1ResTime" : 75.0,
    "pct2ResTime" : 98.0,
    "pct3ResTime" : 198.9900000000016,
    "throughput" : 1207.8315799644897,
    "receivedKBytesPerSec" : 9276.968272434717,
    "sentKBytesPerSec" : 2004.173565303679
  },
  "Total" : {
    "transaction" : "Total",
    "sampleCount" : 100000,
    "errorCount" : 215,
    "errorPct" : 0.215,
    "meanResTime" : 57.15330999999984,
    "medianResTime" : 33.0,
    "minResTime" : 1.0,
    "maxResTime" : 713.0,
    "pct1ResTime" : 75.0,
    "pct2ResTime" : 98.0,
    "pct3ResTime" : 198.9900000000016,
    "throughput" : 1207.8315799644897,
    "receivedKBytesPerSec" : 9276.968272434717,
    "sentKBytesPerSec" : 2004.173565303679
  }
}