{
  "discussion-forum-user-upvotes" : {
    "transaction" : "discussion-forum-user-upvotes",
    "sampleCount" : 100000,
    "errorCount" : 10693,
    "errorPct" : 10.693,
    "meanResTime" : 54.11373000000011,
    "medianResTime" : 26.0,
    "minResTime" : 0.0,
    "maxResTime" : 558.0,
    "pct1ResTime" : 72.0,
    "pct2ResTime" : 99.0,
    "pct3ResTime" : 162.9900000000016,
    "throughput" : 1302.8127727764243,
    "receivedKBytesPerSec" : 8993.784959657587,
    "sentKBytesPerSec" : 2161.7773231390947
  },
  "Total" : {
    "transaction" : "Total",
    "sampleCount" : 100000,
    "errorCount" : 10693,
    "errorPct" : 10.693,
    "meanResTime" : 54.11373000000011,
    "medianResTime" : 26.0,
    "minResTime" : 0.0,
    "maxResTime" : 558.0,
    "pct1ResTime" : 72.0,
    "pct2ResTime" : 99.0,
    "pct3ResTime" : 162.9900000000016,
    "throughput" : 1302.8127727764243,
    "receivedKBytesPerSec" : 8993.784959657587,
    "sentKBytesPerSec" : 2161.7773231390947
  }
}