{
  "discussion-forum-user-upvotes" : {
    "transaction" : "discussion-forum-user-upvotes",
    "sampleCount" : 100000,
    "errorCount" : 4014,
    "errorPct" : 4.014,
    "meanResTime" : 45.64318000000058,
    "medianResTime" : 24.0,
    "minResTime" : 0.0,
    "maxResTime" : 1031.0,
    "pct1ResTime" : 50.0,
    "pct2ResTime" : 60.0,
    "pct3ResTime" : 148.9200000000128,
    "throughput" : 1423.2849416453175,
    "receivedKBytesPerSec" : 10132.399538877917,
    "sentKBytesPerSec" : 2357.5088705122043
  },
  "Total" : {
    "transaction" : "Total",
    "sampleCount" : 100000,
    "errorCount" : 4014,
    "errorPct" : 4.014,
    "meanResTime" : 45.64318000000058,
    "medianResTime" : 24.0,
    "minResTime" : 0.0,
    "maxResTime" : 1031.0,
    "pct1ResTime" : 50.0,
    "pct2ResTime" : 60.0,
    "pct3ResTime" : 148.9200000000128,
    "throughput" : 1423.2849416453175,
    "receivedKBytesPerSec" : 10132.399538877917,
    "sentKBytesPerSec" : 2357.5088705122043
  }
}